<?xml version="1.0" encoding="UTF-8"?>
<Assets>
	<Pos name="SFDKITTEST01">
			<MAC>01-23-45-67-89</MAC> 
			<IP>10.0.0.247</IP>
	</Pos>
	<Pos name="SFDKITTEST02">
			<MAC>01-23-45-67-90</MAC> 
			<IP>10.36.120.1</IP>
	</Pos>
	<Pos name="SFDKITTEST03">
			<MAC>01-23-45-67-91</MAC> 
			<IP>10.36.120.2</IP>
	</Pos>
	<Pos name="SFDKITTEST04">
			<MAC>01-23-45-67-92</MAC> 
			<IP>10.36.120.3</IP>
	</Pos>
	<Pos name="SFDKITTEST05">
			<MAC>01-23-45-67-93</MAC> 
			<IP>10.36.120.4</IP>
	</Pos>
</Assets>